id,PIPELINE_II_SUB,KERNEL_CLOCK,UNROLL_FACTOR_EXP1,UNROLL_FACTOR_EXP2,UNROLL_FACTOR_ECB1,UNROLL_FACTOR_ECB3,UNROLL_FACTOR_ECB2,PIPELINE_II_ADDKEY,PIPELINE_II_ECB1,PIPELINE_II_ECB2,PIPELINE_II_ECB3,PIPELINE_II_EXP1,PIPELINE_II_EXP2,PIPELINE_EXP2,PIPELINE_EXP1,UNROLL_FACTOR_ADDKEY,UNROLL_FACTOR_SUB,UNROLL_FACTOR_MIX,PIPELINE_SUB,PIPELINE_II_CPKEY,PIPELINE_II_MIX,PIPELINE_ECB2,PIPELINE_ECB3,PIPELINE_ECB1,PIPELINE_ADDKEY,DATA_MOVER_CLOCK,UNROLL_FACTOR_CPKEY,PIPELINE_MIX,PIPELINE_CPKEY,state,presynth_time,synth_time,impl_time,run_time
1,9,1,1,3,17,3,4,11,10,1,2,1,3,False,True,13,9,3,False,4,2,True,False,True,False,0,10,True,False,TIMING,373.8,890.96,inf,inf
2,16,1,1,1,31,7,5,8,14,2,1,1,3,True,False,9,11,4,True,8,1,False,False,False,False,0,3,True,True,TIMING,358.43,918.09,inf,inf
3,3,2,1,3,8,7,5,14,30,3,11,2,1,True,False,4,15,4,False,15,2,True,False,False,True,3,9,False,False,TIMING,390.04,903.65,inf,inf
4,8,0,1,3,2,2,2,9,21,2,8,3,2,True,False,1,10,1,False,2,3,False,True,False,True,0,15,True,True,TIMING,384.48,1726.13,inf,inf
5,7,3,2,2,20,13,6,7,1,6,7,2,2,False,True,9,11,4,True,16,1,True,False,True,False,3,9,False,True,TIMING,363.99,965.89,inf,inf
6,11,1,3,1,7,8,6,4,15,4,10,3,3,False,False,10,9,3,True,7,3,True,True,False,True,0,1,True,True,TIMING,405.98,1711.73,inf,inf
7,1,2,3,2,26,3,2,2,5,7,8,1,2,False,False,2,16,2,True,3,1,False,True,False,False,0,12,False,True,TIMING,394.41,1806.93,inf,inf
8,6,3,1,2,23,5,3,7,21,4,8,1,3,False,False,14,13,2,False,2,4,True,False,False,True,0,8,True,False,TIMING,390.11,952.01,inf,inf
9,13,2,3,3,23,8,7,7,13,8,5,1,1,True,False,11,6,4,False,8,1,False,True,False,True,0,16,False,True,TIMING,391.53,1799.38,inf,inf
10,10,1,1,3,9,10,3,4,6,4,1,3,2,False,False,2,5,1,False,1,1,False,False,True,False,2,11,False,False,TIMING,360.58,820.49,inf,inf
11,9,2,3,1,8,5,1,12,30,8,2,3,1,False,True,3,12,2,True,4,4,False,True,True,False,1,8,True,True,TIMING,399.02,1719.3,inf,inf
12,7,3,1,2,16,3,2,2,5,8,1,3,3,True,True,1,12,4,False,5,3,True,True,True,True,1,15,True,False,TIMING,443.37,1793.73,inf,inf
13,4,1,3,2,23,9,4,13,31,6,11,3,3,True,False,12,12,4,True,13,3,False,True,False,False,0,14,True,True,STO,444.41,inf,inf,inf
14,3,1,1,3,24,13,7,2,14,6,11,2,3,False,False,13,16,3,False,9,1,True,True,False,True,0,16,False,True,STO,400.04,inf,inf,inf
15,10,0,3,3,11,6,2,12,16,2,3,1,1,False,True,14,6,4,True,12,4,False,False,True,False,3,13,True,True,TIMING,388.7,872.66,inf,inf
16,4,0,2,2,16,2,7,10,30,8,10,2,2,False,False,7,13,1,True,14,2,True,True,True,False,3,13,False,True,TIMING,430.64,1641.67,inf,inf
17,7,3,2,2,5,10,7,8,20,2,3,2,2,True,True,7,3,2,False,10,4,False,True,True,False,1,13,False,False,TIMING,428.54,1673.76,inf,inf
18,3,2,1,1,18,7,2,8,6,4,7,2,2,False,False,9,10,1,False,11,1,False,False,False,True,3,8,False,True,TIMING,375.19,935.69,inf,inf
19,2,2,2,1,24,4,5,15,7,8,12,3,3,False,False,15,4,1,False,2,1,True,True,True,True,1,9,False,True,TIMING,395.57,1688.53,inf,inf
20,3,0,2,3,4,3,5,12,14,7,11,1,3,False,False,5,13,2,False,11,2,False,True,False,False,3,16,True,True,TIMING,394.85,1685.33,inf,inf
21,7,3,2,2,2,8,5,13,13,8,3,3,1,False,False,1,9,1,False,2,2,True,False,True,False,0,7,False,True,TIMING,387.79,911.01,inf,inf
22,10,0,1,1,23,2,4,4,4,6,1,2,3,True,False,13,1,1,False,11,3,True,True,True,False,1,14,True,False,TIMING,450.05,1722.76,inf,inf
23,15,0,1,3,13,1,1,8,14,6,2,2,3,True,False,3,3,2,False,4,4,True,True,False,False,2,9,True,False,TIMING,416.29,1772.61,inf,inf
24,13,2,1,3,9,2,8,15,16,6,8,3,3,True,True,3,9,2,False,2,2,True,True,True,True,0,13,False,False,TIMING,403.14,1691.84,inf,inf
25,8,2,3,3,26,13,4,8,19,1,9,1,2,True,False,6,12,3,False,10,1,True,True,False,True,0,12,False,True,STO,402.8,inf,inf,inf
26,10,3,3,3,16,6,7,2,23,8,3,1,2,False,False,6,14,4,True,15,2,False,True,True,True,1,9,True,True,TIMING,443.31,1707.95,inf,inf
27,12,3,2,3,25,6,6,14,8,1,1,3,3,True,True,10,8,2,True,11,1,False,True,True,False,1,5,True,False,TIMING,450.07,1742.74,inf,inf
28,7,0,2,2,16,8,8,1,3,3,6,2,2,False,False,9,16,1,False,2,4,False,False,True,True,2,1,False,False,TIMING,371.47,961.03,inf,inf
29,10,3,1,3,18,5,7,1,22,4,12,3,2,False,True,5,12,3,True,12,3,True,True,True,True,1,11,False,True,TIMING,405.69,1752.04,inf,inf
30,5,3,2,2,7,10,6,6,11,2,12,1,1,True,True,3,6,2,True,14,4,False,True,False,True,0,1,False,False,TIMING,442.83,1784.5,inf,inf
31,5,0,3,1,19,3,3,16,23,8,8,1,1,False,True,15,16,2,True,2,2,True,True,False,True,0,12,False,True,STO,442.52,inf,inf,inf
32,3,1,2,2,18,2,8,7,28,3,8,1,2,True,False,1,7,4,False,11,1,True,False,False,True,2,16,False,True,TIMING,371.2,924.3,inf,inf
33,10,1,1,1,7,8,5,9,12,5,10,1,3,True,False,15,13,4,True,11,2,True,True,True,True,1,1,True,False,STO,444.0,inf,inf,inf
34,9,2,1,3,18,8,6,10,13,8,8,3,1,False,False,14,5,2,True,5,3,False,False,True,False,2,15,True,False,OK,410.13,1217.3,482.15,629764.0
35,4,0,3,3,28,4,1,12,3,5,13,1,2,False,False,12,8,1,True,12,4,True,True,False,False,3,14,True,True,STO,460.14,inf,inf,inf
36,4,2,3,1,3,3,4,13,25,3,12,1,3,False,True,15,5,1,True,11,3,True,False,True,False,2,10,True,True,OK,408.46,1172.29,469.61,597946.0
37,1,1,1,3,26,9,5,14,6,8,10,2,3,False,True,2,15,4,True,11,4,False,False,True,False,3,7,True,False,TIMING,405.11,1176.02,inf,inf
38,6,0,1,2,11,13,1,9,32,5,3,1,2,False,False,12,3,2,True,1,4,True,False,True,False,1,10,False,True,TIMING,404.21,1148.38,inf,inf
39,9,1,1,1,32,2,6,14,15,1,5,2,1,True,True,13,1,4,False,11,3,False,True,True,False,1,1,True,True,STO,454.19,inf,inf,inf
40,14,1,2,3,3,7,6,14,28,2,5,3,3,True,True,4,7,4,True,12,1,False,True,False,True,2,5,True,True,PTO,inf,inf,inf,inf
41,1,1,1,2,24,3,6,14,7,5,4,1,1,True,True,2,2,2,False,8,1,True,True,False,True,2,10,False,True,STO,450.37,inf,inf,inf
42,8,3,3,1,23,2,3,14,5,3,11,1,1,True,False,6,13,1,False,10,3,True,False,True,True,0,9,True,False,TIMING,413.28,1189.63,inf,inf
43,14,0,1,1,3,3,5,1,24,8,5,2,1,True,True,5,7,4,True,1,4,False,False,True,False,0,5,False,True,TIMING,418.06,1056.91,inf,inf
44,14,1,3,3,8,4,7,5,5,6,5,1,1,False,True,2,14,3,True,3,4,False,True,False,False,2,16,False,True,STO,456.33,inf,inf,inf
45,15,1,2,3,24,12,3,15,20,5,10,2,1,True,True,14,5,2,False,8,4,False,False,False,True,2,6,False,False,TIMING,398.01,1072.21,inf,inf
46,8,0,2,2,20,5,3,16,16,5,6,3,3,False,False,13,15,3,False,9,3,True,True,True,False,1,1,False,False,STO,473.82,inf,inf,inf
47,11,3,3,2,6,6,7,6,28,7,5,3,2,False,True,3,5,2,False,7,3,True,True,False,True,3,10,True,True,STO,474.57,inf,inf,inf
48,11,1,2,3,28,6,2,9,9,4,1,3,1,True,True,7,1,4,False,3,3,True,True,True,True,3,7,True,False,STO,484.1,inf,inf,inf
49,7,0,3,1,22,5,1,7,10,2,6,3,3,False,False,16,4,3,True,9,3,True,False,False,False,3,15,True,True,TIMING,393.4,1223.07,inf,inf
50,15,2,2,3,21,11,6,11,19,7,10,1,2,False,False,15,8,4,True,3,4,False,True,False,False,2,14,True,False,STO,496.31,inf,inf,inf
51,3,2,3,3,8,7,6,13,4,4,6,2,3,False,False,15,16,3,False,11,4,False,False,False,False,2,9,True,False,OK,438.95,1090.77,495.43,602380.0
52,11,0,3,2,12,1,8,8,9,6,12,1,1,True,True,15,12,2,False,12,3,False,False,False,False,1,15,True,True,TIMING,434.6,1137.98,inf,inf
53,1,1,3,2,30,5,6,15,25,8,6,3,2,False,True,15,8,3,False,1,1,True,False,True,False,1,10,True,False,TIMING,427.78,1188.68,inf,inf
54,7,2,1,3,20,13,2,1,28,8,8,1,3,False,False,15,9,2,False,4,3,True,False,False,True,1,15,False,False,TIMING,428.94,1190.19,inf,inf
55,13,2,3,2,16,3,6,4,25,2,6,3,3,False,True,15,9,4,False,7,3,True,True,True,False,0,8,False,False,STO,480.03,inf,inf,inf
56,1,2,2,1,31,1,8,1,32,7,13,2,3,False,True,16,13,4,True,1,1,True,False,True,False,0,16,False,True,TIMING,382.63,1108.58,inf,inf
57,12,3,3,1,8,1,7,13,8,7,12,1,2,False,True,16,4,2,False,3,2,False,False,False,True,3,15,False,False,TIMING,409.97,1160.9,inf,inf
58,1,3,2,1,1,1,8,16,32,8,13,3,3,True,False,16,16,1,False,1,4,False,False,False,False,3,16,True,True,TIMING,401.83,1180.84,inf,inf
59,15,1,2,1,1,9,6,13,32,8,13,3,3,True,True,16,16,1,False,16,4,False,True,False,False,2,16,True,False,STO,488.98,inf,inf,inf
60,2,0,1,1,14,8,7,6,25,7,13,3,1,False,True,16,5,2,False,4,3,True,False,True,True,3,10,True,False,TIMING,400.05,1190.42,inf,inf
61,12,1,2,3,5,8,6,12,7,3,4,3,1,True,True,16,3,3,False,10,3,False,False,True,False,2,13,False,False,TIMING,416.07,1150.22,inf,inf
62,14,3,3,2,23,2,8,2,28,2,3,2,1,False,False,15,5,3,True,12,1,True,False,False,True,3,13,False,True,TIMING,434.7,1090.44,inf,inf
63,13,3,3,1,15,4,8,15,14,4,8,2,3,True,False,15,13,4,False,4,4,False,False,True,False,3,12,False,True,TIMING,435.88,1119.6,inf,inf
64,6,3,1,1,17,10,6,13,15,4,6,1,3,True,True,16,7,3,False,4,3,False,False,True,False,2,11,True,False,TIMING,408.52,1842.99,inf,inf
65,16,3,3,3,24,1,1,16,1,1,13,3,2,True,False,14,1,1,True,1,4,True,False,False,False,2,16,True,False,TIMING,360.65,966.41,inf,inf
66,9,1,3,1,1,5,7,14,29,3,4,1,3,False,True,4,1,1,True,14,1,True,True,True,False,0,15,False,False,TIMING,415.63,1677.56,inf,inf
67,9,3,3,2,2,7,5,15,13,2,8,3,3,False,False,9,5,2,True,4,3,True,True,True,True,2,9,False,False,TIMING,413.05,1666.65,inf,inf
68,13,3,3,1,7,7,1,3,4,6,5,2,3,True,True,16,4,1,True,3,1,False,False,True,False,1,16,True,False,TIMING,368.59,904.0,inf,inf
69,8,0,1,3,10,7,5,4,3,4,9,2,3,False,False,14,5,4,True,11,2,False,False,True,True,3,14,False,False,TIMING,356.2,918.13,inf,inf
70,16,3,2,1,1,1,8,15,1,1,13,2,3,True,True,1,1,1,False,16,4,False,False,False,False,3,11,False,False,TIMING,359.36,924.74,inf,inf
71,1,2,2,3,10,13,6,16,1,8,13,2,1,True,True,14,16,1,True,11,1,True,True,True,True,0,1,False,True,TIMING,396.6,1688.69,inf,inf
72,2,2,3,2,32,1,1,16,1,8,1,1,2,False,True,16,5,1,False,16,4,True,False,False,False,1,16,True,True,TIMING,359.29,943.6,inf,inf
73,2,3,1,3,10,5,1,13,1,2,13,1,1,True,False,12,16,4,False,12,1,False,False,False,False,3,9,False,False,TIMING,361.73,931.59,inf,inf
74,2,3,2,2,8,11,8,14,1,8,7,3,3,True,False,16,16,1,True,12,1,False,False,False,False,0,12,True,True,TIMING,366.89,984.74,inf,inf
75,4,3,3,3,3,7,3,16,17,8,7,3,3,True,False,16,2,3,True,5,3,False,True,False,False,1,8,False,False,TIMING,348.29,880.26,inf,inf
76,16,1,3,3,10,1,8,16,1,8,1,2,3,False,False,16,16,1,True,1,1,True,True,True,False,1,13,True,True,TIMING,411.49,1738.58,inf,inf
77,14,3,2,3,1,4,5,10,13,1,13,2,2,False,True,16,2,1,False,16,4,True,False,True,True,2,16,False,False,TIMING,383.43,979.4,inf,inf
78,1,3,3,2,1,3,1,6,1,1,11,1,3,False,False,5,1,2,True,16,4,False,False,True,True,0,16,False,True,TIMING,381.78,878.78,inf,inf
79,4,2,2,1,1,3,4,2,3,1,13,2,2,False,False,4,4,1,False,10,1,True,False,False,True,3,9,False,False,TIMING,365.24,887.61,inf,inf
80,10,3,1,2,8,9,5,7,2,1,6,3,1,True,False,16,3,2,True,14,1,False,False,True,False,1,14,True,False,TIMING,387.31,992.77,inf,inf
81,15,0,1,1,19,9,7,4,7,2,3,3,3,False,False,14,16,4,True,16,2,True,True,True,True,3,4,False,False,TIMING,416.78,1712.31,inf,inf
82,14,2,3,3,27,13,7,3,8,4,5,2,1,False,True,16,16,3,False,8,4,False,False,True,True,2,4,False,False,OK,367.53,968.78,378.15,489354.0
83,4,2,3,3,11,2,2,14,25,4,7,1,1,False,False,14,3,1,False,13,2,True,True,True,False,1,10,False,False,TIMING,410.09,1784.75,inf,inf
84,12,2,3,2,22,2,6,11,5,2,3,2,2,True,True,6,16,2,True,6,1,True,False,False,True,0,2,True,False,TIMING,363.2,888.25,inf,inf
85,16,3,3,2,24,3,5,5,31,2,3,2,2,False,False,13,16,4,False,16,3,True,False,False,False,1,15,True,False,TIMING,376.01,966.3,inf,inf
86,5,1,2,3,7,12,4,4,12,7,5,3,1,True,True,7,6,4,False,4,2,True,True,False,False,1,15,True,False,TIMING,389.29,1709.22,inf,inf
87,7,1,2,3,5,9,7,15,10,7,7,3,1,True,True,5,16,1,False,6,4,True,True,False,False,2,3,False,False,TIMING,401.08,1696.79,inf,inf
88,4,3,2,3,25,11,2,11,31,4,10,1,1,False,True,14,11,3,False,9,4,True,False,False,True,1,12,True,False,TIMING,371.03,949.12,inf,inf
89,16,3,1,1,23,5,6,2,29,5,4,3,1,False,True,6,16,3,False,2,4,False,True,True,False,1,4,True,False,STO,396.59,inf,inf,inf
90,4,0,3,3,23,12,5,16,32,1,7,2,3,False,True,9,9,1,False,5,4,False,False,True,False,3,15,False,False,TIMING,376.01,934.4,inf,inf
91,2,2,3,3,12,2,5,5,10,5,10,3,3,False,True,15,16,1,False,15,1,True,True,True,False,0,15,False,False,TIMING,396.91,1658.07,inf,inf
92,11,1,2,2,27,5,2,6,8,3,5,3,2,True,True,10,16,4,True,8,1,True,False,True,False,1,4,True,False,TIMING,373.19,943.85,inf,inf
93,3,3,2,3,9,6,6,11,20,7,2,1,2,True,False,16,16,1,True,4,3,False,False,False,True,3,8,True,False,TIMING,369.05,914.85,inf,inf
94,2,1,3,3,13,3,5,5,13,2,10,3,3,True,False,12,16,4,True,5,2,False,False,False,True,2,7,False,False,TIMING,372.44,975.85,inf,inf
95,16,3,3,2,1,13,8,1,1,1,7,1,2,True,True,9,16,1,True,1,1,True,True,False,True,2,9,True,False,TIMING,404.26,1663.37,inf,inf
96,5,3,1,2,3,11,7,8,1,8,5,1,2,False,True,3,11,1,False,8,1,True,False,True,True,2,16,True,False,TIMING,373.3,955.3,inf,inf
97,9,2,1,2,15,7,7,7,4,4,9,2,1,True,True,14,11,2,False,2,3,False,False,False,True,2,11,False,False,OK,371.77,885.11,373.36,615586.0
98,14,3,2,1,3,4,1,16,24,2,4,2,2,False,False,15,6,1,True,15,3,False,False,False,True,1,6,False,True,TIMING,377.48,904.22,inf,inf
99,9,2,3,1,12,5,8,10,2,5,9,2,1,False,False,15,3,2,False,11,3,False,True,True,True,0,5,True,True,TIMING,399.41,1692.71,inf,inf
100,4,2,3,2,5,6,5,1,32,8,1,2,3,False,True,15,10,3,True,11,3,False,True,True,False,2,9,False,False,OK,399.41,1730.14,458.33,611438.0
101,15,2,3,1,26,12,6,3,5,4,4,2,2,False,True,16,16,1,True,2,1,False,False,False,True,1,3,True,False,TIMING,370.33,913.23,inf,inf
102,11,2,3,3,10,2,7,8,8,3,12,1,3,False,True,15,6,4,False,5,3,False,False,False,True,0,6,False,True,TIMING,373.78,870.98,inf,inf
103,4,2,3,3,21,7,4,13,18,3,5,3,3,False,False,16,7,3,False,13,3,True,True,True,False,2,6,False,True,OK,405.96,1660.51,457.26,612116.0
104,4,3,1,2,1,1,3,9,9,6,3,2,3,False,False,15,8,1,False,16,3,False,True,False,True,3,9,True,True,TIMING,368.66,866.02,inf,inf
105,4,3,2,3,8,7,6,4,15,3,4,1,3,True,True,15,8,2,True,9,3,False,True,True,True,0,5,False,True,TIMING,416.18,1764.28,inf,inf
106,5,1,3,3,8,5,4,9,9,1,12,1,2,False,True,15,1,3,True,7,1,True,False,True,False,2,8,True,True,TIMING,369.0,910.06,inf,inf
107,4,3,3,3,23,8,5,6,15,7,6,3,3,False,False,15,9,1,False,11,2,False,True,True,False,1,2,True,False,TIMING,392.85,1766.6,inf,inf
108,15,2,3,2,24,3,5,11,23,1,1,1,1,False,False,16,3,1,False,16,4,True,True,True,True,0,12,False,True,TIMING,416.57,1764.16,inf,inf
109,4,2,3,3,31,1,5,12,30,2,2,2,1,True,False,15,7,2,False,2,3,True,False,True,True,2,13,True,False,OK,380.6,925.53,356.06,600794.0
110,11,1,3,3,15,10,6,9,16,4,4,3,2,False,True,16,3,3,False,7,2,False,False,True,True,1,8,True,True,TIMING,370.33,941.22,inf,inf
111,14,2,3,3,11,7,6,5,14,1,12,1,3,True,False,14,6,3,False,10,2,False,False,True,False,1,1,True,True,TIMING,383.59,888.81,inf,inf
112,16,2,3,3,3,1,5,5,15,5,8,2,1,False,True,15,7,3,False,13,1,False,False,True,False,1,1,True,False,TIMING,368.65,916.56,inf,inf
113,14,2,2,2,25,11,6,9,14,6,5,2,3,True,True,16,1,3,True,16,4,True,True,True,True,2,5,True,False,OK,383.78,1712.17,422.03,611106.0
114,13,2,3,1,24,9,8,10,13,7,13,3,3,True,False,14,11,3,False,11,4,False,False,False,False,2,2,True,True,OK,370.78,922.56,381.61,610180.0
115,6,2,2,2,2,10,1,7,27,4,3,2,1,False,False,16,10,4,False,9,4,True,True,False,True,2,5,True,True,OK,407.08,1700.99,417.8,616338.0
116,1,2,2,2,7,7,3,7,8,2,2,2,2,True,False,14,13,3,False,3,4,False,True,False,True,2,2,False,False,RTO,369.43,890.96,276.45,inf
117,10,2,3,3,31,9,4,12,21,2,5,3,1,False,True,13,13,4,True,7,1,True,True,True,True,2,2,True,True,OK,420.84,1726.1,453.42,611564.0
118,6,2,3,3,13,13,1,2,5,1,11,3,2,True,False,15,1,3,False,10,4,False,True,False,False,3,16,False,True,TIMING,410.32,1697.75,inf,inf
119,6,2,3,3,14,11,2,8,13,4,3,1,1,True,True,15,1,3,False,10,4,True,True,True,False,3,7,False,True,TIMING,412.61,1731.27,inf,inf
120,10,2,3,3,14,13,8,1,6,3,10,3,3,True,True,16,7,3,False,1,2,True,True,False,False,2,16,True,True,OK,419.26,1687.71,442.14,613050.0
121,14,2,3,2,25,3,6,8,17,4,9,3,1,False,False,16,10,2,False,14,1,True,False,True,False,2,14,True,True,OK,372.13,939.73,371.94,599320.0
122,15,2,1,2,30,6,6,11,4,5,7,3,1,False,True,12,9,2,True,9,4,True,True,True,True,3,5,True,True,TIMING,400.53,1715.59,inf,inf
123,1,2,3,2,30,8,4,11,20,8,6,2,1,False,True,13,16,3,True,14,4,False,True,True,True,3,13,False,False,TIMING,411.81,1665.98,inf,inf
124,2,2,3,2,12,8,3,1,4,6,3,3,1,True,True,12,7,2,False,14,3,False,True,False,False,2,10,False,False,RTO,369.05,884.13,276.08,inf
125,1,2,2,3,3,11,1,6,1,6,5,1,2,True,True,15,15,4,True,16,4,False,True,True,True,2,2,False,False,OK,415.96,1757.94,418.05,611084.0
126,10,2,2,2,31,12,8,8,30,3,9,1,3,False,False,1,9,2,True,1,2,False,True,False,True,3,13,True,False,TIMING,432.08,1800.27,inf,inf
127,4,2,2,3,18,13,7,9,1,4,12,2,1,True,True,15,1,2,True,1,4,True,False,True,False,3,8,False,True,TIMING,369.06,903.36,inf,inf
128,3,2,3,1,32,1,4,10,22,1,10,3,1,False,True,14,5,3,True,10,2,False,False,False,True,2,14,False,False,OK,363.89,907.03,356.25,631392.0
129,5,2,3,1,26,6,1,1,7,5,4,3,3,True,False,16,9,1,False,15,3,True,True,True,False,2,8,True,True,OK,398.62,1753.3,458.53,611024.0
130,14,2,3,3,17,11,1,6,13,4,11,2,2,False,False,15,7,2,False,6,4,False,False,True,False,2,11,True,True,OK,376.06,884.45,358.04,599028.0
131,16,2,2,3,1,6,8,16,1,8,13,1,2,True,True,16,12,3,False,1,3,False,False,False,True,2,1,True,True,OK,390.28,908.79,348.41,589806.0
132,5,2,3,1,31,3,4,3,26,7,5,3,1,False,False,16,15,3,False,15,4,True,True,True,True,2,10,False,False,OK,403.07,1745.01,421.96,612460.0
133,15,2,3,2,18,11,4,9,20,8,2,2,3,False,False,14,10,2,False,11,1,True,True,True,True,2,14,False,True,OK,412.88,1672.32,454.91,611002.0
134,2,3,3,3,20,12,4,9,15,7,6,2,1,True,False,15,4,4,True,4,3,False,False,False,True,2,8,True,False,TIMING,379.21,951.3,inf,inf
135,13,2,3,3,26,5,4,14,12,1,10,2,3,False,True,16,8,3,True,12,1,True,False,False,True,2,4,False,True,OK,380.94,856.65,362.29,608828.0
136,6,2,2,2,5,10,5,7,11,2,1,2,3,False,False,15,11,2,False,9,1,True,True,False,False,2,12,False,True,OK,398.62,1726.69,424.36,615112.0
137,7,2,3,2,29,12,5,16,29,6,8,3,3,True,True,14,12,4,True,1,1,True,False,True,False,2,7,True,True,OK,379.96,939.23,352.02,598098.0
138,2,3,3,3,10,1,5,9,12,3,3,1,3,True,False,16,12,4,True,16,2,False,True,False,True,2,5,True,True,STO,407.8,inf,inf,inf
139,10,2,1,1,20,2,6,9,23,1,4,2,2,True,True,16,14,2,False,6,1,False,True,False,True,2,8,True,True,OK,404.37,1794.59,424.28,611666.0
140,16,2,3,1,1,1,8,16,19,8,13,1,1,False,False,16,16,2,False,16,3,True,True,True,False,2,5,False,True,OK,406.33,1707.28,402.72,611044.0
141,16,2,1,1,13,5,5,8,14,4,7,2,3,False,False,14,4,3,False,13,3,False,True,True,True,2,6,False,False,OK,404.78,1671.14,425.9,611220.0
142,8,2,2,1,8,11,5,13,2,5,10,1,1,False,True,15,7,2,False,4,3,True,False,True,True,2,15,False,False,OK,375.07,959.05,389.97,608800.0
143,6,2,1,1,18,10,4,15,26,8,3,1,2,False,True,14,12,2,True,12,4,True,False,False,True,2,13,True,True,OK,389.21,945.68,351.82,598092.0
144,7,2,2,2,17,10,2,6,17,5,6,3,1,True,True,16,7,2,True,7,1,False,True,False,False,2,5,True,False,OK,422.04,1735.99,436.94,611954.0
145,9,2,3,2,18,9,6,11,12,6,6,2,1,True,True,16,4,4,True,6,2,True,True,True,False,2,10,True,False,OK,393.3,1774.52,437.08,610834.0
146,9,2,1,2,19,11,2,4,31,5,3,2,3,True,False,13,7,3,False,9,4,True,False,False,False,2,1,True,True,OK,393.79,883.85,358.45,599654.0
147,16,2,3,3,26,2,2,14,19,1,6,2,2,False,True,14,3,3,False,16,2,False,True,False,False,2,13,False,True,OK,429.34,1810.52,428.42,613810.0
148,1,2,2,1,22,7,1,10,23,8,5,1,3,True,False,14,7,3,True,9,1,False,False,False,False,2,2,False,False,OK,377.65,938.63,383.13,630900.0
149,6,2,3,2,17,11,4,6,14,2,7,2,2,True,False,13,9,4,True,9,2,True,False,False,True,2,8,False,True,OK,388.07,940.95,362.92,607934.0
150,13,2,3,1,21,7,1,5,1,7,4,3,2,False,True,16,12,4,True,5,3,True,True,True,True,2,2,True,False,OK,428.6,1727.22,423.21,611146.0
151,3,2,3,3,6,3,4,14,12,6,11,1,1,False,False,14,11,1,False,12,3,False,False,False,True,2,11,True,False,OK,377.47,939.52,375.77,603112.0
152,13,2,2,2,21,10,2,12,25,7,10,2,2,False,False,7,6,2,True,12,4,True,True,True,True,2,7,True,False,OK,428.94,1658.44,428.38,610978.0
153,2,2,2,2,20,8,6,8,9,5,4,2,3,True,False,15,6,2,False,6,3,False,False,True,False,2,10,False,False,OK,378.59,927.24,382.23,631806.0
154,8,2,2,3,9,9,5,14,23,3,8,2,3,True,True,12,8,3,True,8,2,False,True,False,True,2,8,True,False,OK,405.04,1672.14,436.15,612964.0
155,8,2,1,3,31,4,4,8,28,6,9,3,3,True,False,1,8,4,False,13,1,True,True,True,True,2,8,True,True,OK,393.3,1651.9,456.36,611762.0
156,3,2,3,2,27,8,5,2,18,7,6,1,2,True,False,3,3,2,True,8,4,False,True,False,False,2,4,False,True,OK,407.34,1730.28,453.43,614340.0
157,14,2,1,2,24,11,7,10,14,7,5,2,2,False,False,11,6,3,False,9,2,True,False,False,False,2,10,True,False,OK,378.23,917.42,404.52,600586.0
158,11,2,3,1,7,9,2,5,22,1,3,3,1,True,False,13,12,3,False,11,2,True,True,True,True,2,7,False,True,OK,429.33,1688.58,452.44,611716.0
159,5,2,1,1,18,5,3,15,27,6,4,1,1,False,False,14,14,4,True,15,4,True,False,True,True,2,5,True,False,OK,377.07,911.24,349.73,598232.0
160,14,2,1,3,14,3,4,5,12,5,10,3,2,True,True,16,14,2,False,7,2,True,True,False,True,2,4,True,False,OK,428.74,1622.38,442.39,613114.0
161,4,2,1,3,22,11,4,7,12,7,13,2,1,True,True,3,11,3,True,14,2,True,False,False,True,2,8,True,True,OK,372.48,884.92,348.73,599958.0
162,12,2,3,1,23,2,1,16,1,8,13,2,1,False,True,16,13,4,False,16,2,False,False,False,True,2,13,False,True,OK,367.93,941.65,363.67,635468.0
163,9,2,1,3,9,10,2,8,24,3,4,3,1,False,False,14,3,3,True,11,3,False,True,False,True,2,9,False,False,OK,405.93,1671.57,442.51,614294.0
164,6,2,2,3,12,11,3,12,9,7,9,3,3,False,False,9,9,1,False,16,1,False,False,True,True,2,7,False,False,RTO,370.6,841.28,283.34,inf
165,6,2,2,2,20,9,4,7,11,4,8,2,2,False,False,12,6,3,False,14,2,True,True,True,False,2,11,True,True,OK,421.4,1697.0,452.47,611054.0
166,3,2,2,2,24,7,4,13,11,5,8,1,2,False,False,14,9,3,False,14,2,False,False,False,True,2,9,False,False,OK,369.16,911.72,378.36,642566.0
167,7,2,2,3,29,11,2,5,17,6,13,1,2,True,False,13,14,3,True,15,2,False,False,False,True,2,4,True,False,OK,368.34,941.0,357.35,622602.0
168,6,2,2,2,14,7,5,9,23,7,4,2,2,False,True,5,6,2,True,13,3,True,False,True,True,2,5,False,False,OK,372.48,869.82,348.48,607760.0
169,10,2,1,1,21,9,5,11,13,8,3,2,3,False,False,8,13,3,False,8,2,False,False,False,False,2,13,False,False,OK,371.07,955.78,407.87,648346.0
170,15,2,3,3,32,7,7,3,18,4,6,2,2,True,True,14,2,4,True,16,2,True,True,True,False,2,9,True,False,OK,408.11,1692.99,463.2,612386.0
171,1,2,2,3,25,7,5,9,19,3,10,1,3,False,True,13,5,4,True,9,4,False,True,False,False,2,12,True,True,OK,412.08,1715.82,417.87,612566.0
172,13,2,3,3,10,5,7,16,10,7,4,2,2,True,True,14,13,1,False,6,1,True,True,True,False,2,6,False,True,OK,418.57,1651.3,447.21,611682.0
173,7,2,1,2,8,4,5,3,15,5,11,3,2,True,True,7,2,3,False,8,1,False,False,False,True,2,3,False,True,OK,371.27,929.54,358.17,625220.0
174,12,2,2,3,24,4,4,5,19,3,8,2,3,True,False,2,3,1,True,11,3,True,True,False,True,2,6,True,False,OK,420.03,1760.56,441.27,612672.0
175,16,2,3,3,21,11,3,2,25,6,5,2,1,False,True,14,16,2,False,15,4,True,True,True,True,2,3,True,True,OK,419.09,1689.43,457.12,611692.0
176,3,2,2,1,32,10,5,3,19,2,11,3,2,True,False,9,13,2,False,11,1,True,False,True,False,2,9,True,True,OK,366.29,943.02,362.15,600250.0
177,13,2,2,2,31,7,6,5,24,8,6,2,3,False,True,8,14,2,False,10,2,True,True,True,False,2,6,True,False,OK,408.04,1691.46,417.8,611258.0
178,9,2,3,2,30,13,4,6,23,1,10,3,2,True,False,2,11,4,False,8,1,False,True,True,True,2,4,True,False,OK,412.61,1812.13,463.26,611760.0
179,4,2,3,1,19,6,2,7,30,2,5,3,2,False,False,3,11,2,True,2,1,True,True,False,True,2,11,False,True,STO,413.04,inf,inf,inf
180,10,2,3,1,7,6,7,7,23,3,5,1,2,True,True,12,9,2,True,13,3,True,True,True,False,2,9,True,True,OK,461.21,1636.65,444.96,612090.0
181,1,2,3,3,20,5,7,10,27,5,8,3,2,True,False,10,7,2,False,7,2,True,False,True,True,2,8,True,False,OK,403.11,962.61,352.3,599304.0
182,6,2,2,2,26,1,6,4,14,3,5,1,3,True,True,13,10,3,True,6,2,False,False,True,True,2,4,False,False,OK,403.22,909.55,352.26,622572.0
183,13,2,1,2,19,2,4,4,26,6,3,1,1,True,True,10,4,3,True,11,4,True,True,True,True,2,12,False,False,OK,462.22,1758.07,459.04,611788.0
184,1,2,3,1,32,5,8,4,31,5,4,3,1,True,False,3,4,4,True,10,3,True,False,True,True,2,9,True,False,OK,399.58,968.96,351.73,598802.0
185,6,2,2,2,20,10,6,15,15,8,6,2,3,True,False,5,2,4,True,10,1,True,False,False,True,2,7,False,False,OK,390.27,935.32,374.82,608460.0
186,12,2,1,3,30,9,4,8,28,5,3,2,1,False,True,1,13,4,True,12,2,False,True,True,False,2,3,True,True,OK,408.04,1793.3,427.43,610606.0
187,9,2,3,2,1,2,6,5,25,6,4,2,2,False,True,3,4,1,True,8,4,True,True,True,True,2,10,False,True,OK,407.41,1713.95,448.46,610636.0
188,6,2,3,3,13,4,5,13,25,6,8,2,2,False,True,7,13,3,True,13,3,True,True,True,False,2,8,False,True,OK,460.8,1683.91,453.32,612204.0
189,2,2,1,1,18,10,4,7,29,6,9,2,1,False,False,10,6,2,True,6,1,False,True,True,False,2,5,False,True,OK,461.61,1693.7,433.59,611108.0
190,9,2,3,1,6,10,6,5,19,5,5,3,1,False,True,15,9,2,True,8,3,True,True,False,False,2,9,False,False,OK,464.9,1710.31,446.1,615456.0
191,3,2,1,1,24,9,6,12,29,5,9,3,2,True,True,8,3,3,True,8,1,True,False,False,True,2,13,False,False,OK,409.91,907.53,387.28,609010.0
192,1,2,1,3,30,6,7,3,32,5,12,1,1,True,True,16,4,3,True,15,4,True,True,False,False,2,4,False,True,OK,430.97,1754.0,447.43,613210.0
193,6,2,1,2,28,11,4,16,19,6,5,3,3,False,False,6,9,4,True,6,1,True,False,True,True,2,15,False,True,OK,365.6,957.6,356.97,607730.0
194,9,2,2,2,12,8,4,11,10,6,6,2,2,False,True,11,9,3,False,9,4,False,True,False,False,2,10,False,True,OK,424.06,1745.64,438.29,611998.0
195,5,2,2,1,28,1,6,2,30,5,2,2,1,True,False,16,2,3,True,14,1,True,True,False,False,2,3,True,True,STO,428.47,inf,inf,inf
196,14,2,3,3,3,12,5,14,22,8,10,1,3,False,False,3,4,4,False,7,2,False,False,False,True,2,2,True,True,OK,364.4,931.58,339.54,604870.0
197,7,2,2,2,13,8,4,9,13,4,10,2,2,False,True,9,11,4,False,8,2,True,False,False,False,2,7,True,False,OK,365.34,974.95,378.92,601028.0
198,14,2,1,1,14,6,6,11,28,1,2,1,1,False,True,4,13,3,True,15,2,True,True,False,True,2,6,True,True,OK,403.55,1664.5,447.17,613732.0
199,7,2,1,1,26,8,2,14,14,8,8,1,1,False,False,10,1,4,True,15,2,True,True,False,True,2,10,False,False,OK,419.4,1769.89,493.97,614006.0
200,1,2,2,3,16,6,4,13,12,3,4,3,3,True,True,14,10,2,False,12,1,False,False,False,False,2,4,True,False,OK,370.07,985.67,383.38,614696.0
201,2,2,1,1,30,13,5,13,17,8,9,3,3,True,False,9,10,3,False,15,4,False,False,True,False,2,2,True,True,OK,366.68,951.53,352.32,568340.0
202,7,2,1,2,28,2,7,5,9,5,1,3,1,False,False,16,8,2,True,11,4,True,False,True,True,2,15,False,True,OK,365.14,927.98,348.13,607182.0
203,8,2,2,3,19,11,7,6,29,4,11,1,3,False,False,12,3,2,True,13,4,True,False,False,False,2,5,True,False,OK,370.3,997.13,367.58,598692.0
204,15,2,3,3,30,3,3,5,18,4,6,1,2,True,True,10,10,4,False,7,2,True,False,True,False,2,1,True,False,OK,369.3,911.94,347.52,598348.0
205,8,2,3,3,6,12,1,10,28,4,5,1,3,True,True,12,4,2,False,10,3,False,True,False,False,2,3,True,False,TIMING,408.49,1735.25,inf,inf
206,14,2,2,2,24,4,7,10,15,4,7,2,3,False,False,8,11,2,True,6,3,False,True,False,False,2,9,True,False,STO,415.43,inf,inf,inf
207,11,2,2,2,19,9,4,7,19,3,6,2,3,False,False,6,7,2,False,13,3,False,False,True,False,2,5,True,False,OK,365.37,1010.69,355.89,632678.0
208,13,2,3,1,23,1,5,15,18,4,10,2,3,False,True,9,3,1,True,9,3,True,True,True,True,2,10,True,True,OK,416.49,1729.78,460.25,612176.0
209,15,2,3,3,9,8,1,11,13,7,7,3,2,False,True,15,14,2,True,8,2,False,True,False,False,2,7,True,True,OK,410.97,1734.03,397.52,613842.0
210,10,2,1,3,31,2,4,14,32,4,10,3,3,True,False,9,12,2,True,12,3,True,False,False,True,2,3,False,False,OK,368.77,925.16,361.87,607878.0
211,5,2,2,2,16,8,6,10,24,3,4,3,2,False,True,9,5,4,True,13,3,False,False,True,True,2,5,False,True,OK,368.77,914.56,342.94,628342.0
212,15,2,2,1,12,5,8,11,12,7,10,3,2,True,False,1,3,2,False,9,3,True,False,False,True,2,15,False,True,OK,367.73,895.16,344.02,609274.0
213,5,2,2,2,9,8,6,5,12,4,10,2,2,False,False,11,2,2,True,9,3,False,True,False,True,2,15,False,True,OK,410.97,1670.17,442.73,612772.0
214,13,2,1,2,22,10,4,4,23,6,7,2,3,False,True,14,8,3,True,14,4,False,False,False,False,2,4,False,True,OK,371.23,1099.1,364.44,631340.0
215,13,2,2,3,4,2,6,15,19,6,4,1,1,False,False,6,4,3,False,11,4,False,False,True,True,2,7,True,False,OK,371.93,901.12,353.76,629234.0
216,12,2,3,2,10,4,7,5,10,7,10,3,2,True,True,12,5,4,False,11,4,True,False,True,False,2,8,True,False,OK,381.53,1122.85,366.83,600640.0
217,8,2,2,3,14,6,6,4,26,6,7,2,3,True,False,10,5,2,False,10,2,True,False,False,False,2,13,False,True,OK,371.59,911.4,358.44,610570.0
218,10,2,2,2,18,3,5,5,1,5,10,1,2,False,True,14,6,3,True,16,2,True,False,False,True,2,8,True,False,OK,372.34,1085.89,371.23,599120.0
219,2,2,1,1,25,10,5,11,13,2,13,2,2,True,False,14,9,3,False,6,4,False,True,False,True,2,7,True,True,OK,402.93,1684.72,425.4,612890.0
220,16,2,2,2,26,9,4,7,21,2,8,1,2,True,True,7,10,1,True,8,3,False,True,True,True,2,9,True,True,OK,408.51,1708.71,428.57,611762.0
221,11,2,1,2,16,11,2,15,25,3,1,3,3,False,False,9,8,2,False,8,1,True,True,False,False,2,13,True,True,OK,408.12,1661.54,426.95,614650.0
222,16,2,1,1,24,6,6,8,31,3,2,1,1,False,False,7,5,4,True,8,3,True,True,True,False,2,13,True,True,OK,395.14,1712.79,452.76,610384.0
223,12,2,1,3,29,5,6,16,32,2,7,2,2,True,True,3,15,4,True,5,3,True,False,True,False,2,14,True,False,OK,371.46,1085.69,375.92,598878.0
224,1,2,1,1,10,3,4,11,14,5,9,1,1,False,False,2,16,2,False,13,1,True,True,True,False,2,7,False,False,OK,407.78,1693.46,433.04,612048.0
225,1,2,3,2,17,7,2,4,3,6,10,2,3,True,True,15,6,2,False,8,3,False,True,True,True,2,1,False,True,OK,410.3,1750.35,413.98,611160.0
226,6,2,2,2,11,5,4,7,10,3,4,2,2,True,True,5,10,2,False,13,3,True,False,False,False,2,5,False,True,OK,380.76,899.62,353.46,609964.0
227,4,2,1,3,22,10,4,6,14,3,6,2,2,False,False,13,6,3,True,12,1,False,True,True,True,2,10,False,False,STO,464.34,inf,inf,inf
228,13,2,1,2,1,4,6,11,16,5,4,1,2,False,False,1,14,3,False,10,2,False,True,False,True,2,7,True,False,OK,434.22,1636.22,417.24,611720.0
229,6,2,3,3,24,10,5,12,19,3,7,2,2,True,False,5,5,3,False,5,2,False,True,True,False,2,13,False,True,OK,428.82,1666.66,419.45,611626.0
230,6,2,2,1,15,11,4,12,25,2,6,1,3,True,True,14,6,2,True,11,2,True,False,True,False,2,5,True,False,OK,390.0,965.03,357.65,598480.0
231,13,2,3,1,25,8,4,4,20,7,7,3,3,True,False,2,12,2,False,7,1,True,True,False,False,2,6,False,True,STO,446.23,inf,inf,inf
232,11,2,2,1,13,8,8,12,11,2,4,1,3,False,True,7,10,3,True,7,4,True,True,False,True,2,8,False,False,TIMING,415.2,1737.98,inf,inf
233,14,2,2,2,12,10,7,4,20,3,6,1,1,True,True,10,4,3,True,8,3,True,True,False,False,2,6,True,True,OK,392.2,1731.83,440.6,612566.0
234,11,2,3,2,4,7,8,5,5,1,9,2,3,False,False,8,12,2,False,15,2,True,True,True,True,2,10,False,True,OK,392.77,1727.73,449.38,610766.0
235,7,2,2,1,17,9,7,10,10,3,4,2,2,False,True,5,5,2,True,13,4,True,True,True,False,2,5,False,False,OK,435.09,1755.38,423.37,611748.0
236,9,2,3,1,10,6,5,7,23,3,11,2,1,True,False,9,9,2,True,13,4,False,True,False,True,2,13,False,True,OK,464.41,1798.46,405.0,615016.0
237,2,2,3,2,12,9,7,11,12,1,10,2,2,True,False,2,1,2,False,14,3,True,False,False,True,2,13,False,False,OK,382.43,907.69,373.02,611786.0
238,9,2,1,2,12,4,1,14,28,8,7,3,1,True,False,1,15,2,False,14,1,True,True,True,False,2,10,True,True,OK,413.16,1726.03,452.17,612044.0
239,16,2,3,3,6,5,5,15,19,8,3,1,1,False,True,7,8,2,True,5,3,True,True,False,False,2,11,False,False,OK,450.73,1701.79,425.8,615306.0
240,15,2,3,1,20,9,8,14,16,5,5,3,2,False,False,1,16,4,True,14,2,False,False,True,False,2,4,False,True,OK,384.65,950.39,342.79,611446.0
241,5,2,1,1,3,11,5,14,2,3,9,1,1,False,False,12,8,2,False,10,4,False,False,False,True,2,9,True,False,OK,380.1,966.65,366.88,640870.0
242,10,2,2,2,15,9,5,4,13,5,4,2,2,True,True,8,10,3,True,14,2,False,True,False,False,2,13,False,True,STO,430.93,inf,inf,inf
243,13,2,2,1,27,2,4,15,8,3,13,2,1,True,False,1,4,3,True,10,3,False,True,False,True,2,4,True,True,OK,408.97,1566.46,432.72,613180.0
244,11,2,2,3,19,4,4,9,9,4,8,2,3,False,True,8,5,2,True,14,3,True,False,True,True,2,6,True,True,OK,380.18,977.24,331.57,598058.0
245,5,2,2,2,2,6,4,5,10,6,1,1,2,False,False,16,6,4,True,9,2,False,True,False,True,2,8,False,False,OK,415.09,1733.5,473.56,617000.0
246,2,2,2,1,14,11,8,9,21,4,4,1,1,False,True,15,9,1,False,13,3,True,False,False,True,2,5,True,True,OK,382.18,880.48,364.32,601632.0
247,11,2,2,3,25,11,4,5,14,6,4,3,2,True,False,12,7,2,True,10,3,False,True,True,True,2,10,True,False,STO,405.88,inf,inf,inf
248,1,2,2,2,23,4,8,6,13,5,1,2,2,True,False,15,15,3,False,13,2,True,False,True,False,2,15,False,True,OK,379.33,947.82,378.26,608006.0
249,3,2,3,2,18,9,5,11,17,5,7,2,3,True,False,7,3,2,False,9,4,True,False,False,False,2,8,False,True,OK,378.08,934.09,353.1,608502.0
250,16,2,3,3,15,1,3,13,19,3,9,3,1,False,False,15,4,4,False,15,2,True,True,True,True,2,15,True,True,OK,428.47,1672.93,453.39,612154.0
251,5,2,3,2,12,8,5,2,26,1,5,3,2,True,False,14,4,4,True,14,4,True,True,True,True,2,3,False,True,OK,408.96,1639.86,458.17,611202.0
252,4,2,1,2,10,12,4,2,26,2,11,2,2,False,True,3,12,2,False,10,2,False,False,True,True,2,6,True,True,OK,389.07,937.63,347.38,622532.0
253,7,2,1,2,20,10,7,8,9,5,5,2,2,True,False,6,7,3,True,9,4,False,False,True,True,2,4,False,True,OK,389.17,860.98,349.07,605834.0
254,12,2,2,1,5,7,6,12,1,3,6,1,2,True,False,11,7,3,True,7,2,True,True,True,True,2,6,False,True,OK,435.94,1733.81,407.2,610446.0
255,5,2,3,1,21,9,2,13,26,2,8,2,2,False,False,10,6,4,False,5,2,False,True,False,True,2,4,False,True,STO,437.33,inf,inf,inf
256,14,2,1,3,11,2,7,11,2,2,9,2,3,False,True,11,15,4,False,11,4,True,False,True,True,2,5,True,False,OK,387.95,976.63,362.31,599804.0
257,14,2,1,1,29,1,8,8,28,3,10,1,2,False,True,13,9,4,False,13,4,True,False,True,True,2,4,False,False,OK,378.77,915.93,358.16,608666.0
258,5,2,1,2,29,8,5,4,32,4,13,2,1,True,False,5,11,3,False,9,2,True,False,True,True,2,2,False,False,OK,353.42,955.43,354.22,608174.0
259,1,2,3,3,24,7,3,11,20,1,11,2,1,True,False,2,2,4,True,11,3,False,False,True,True,2,12,False,False,RTO,354.67,879.49,278.4,inf
260,16,2,3,2,18,4,2,14,17,2,9,1,3,False,True,12,5,1,True,15,1,True,False,False,True,2,7,True,False,OK,354.84,937.49,366.3,600554.0
261,14,2,2,2,1,9,6,10,14,1,2,3,3,True,True,11,16,2,False,12,4,True,True,True,True,2,9,True,True,OK,401.6,1716.8,448.55,611050.0
262,8,2,2,2,2,4,5,6,27,6,5,2,2,False,True,8,8,3,False,11,2,True,False,False,True,2,10,False,False,OK,378.26,873.44,369.45,613072.0
263,6,2,3,2,10,8,6,5,6,7,5,3,3,True,True,13,13,1,False,14,2,False,False,False,True,2,1,True,False,OK,356.03,839.28,359.12,615684.0
264,5,2,2,2,11,2,8,8,15,1,6,1,3,False,True,16,7,2,True,12,4,True,True,False,False,2,3,False,True,OK,414.68,1719.28,499.91,611948.0
265,2,2,2,3,26,5,4,12,3,8,5,1,2,False,True,13,13,2,False,11,2,True,False,False,True,2,8,True,False,OK,353.42,915.64,377.15,601668.0
266,10,2,2,3,23,8,6,12,9,4,6,2,2,True,True,10,8,3,True,11,3,True,True,True,False,2,5,False,True,OK,384.1,1704.99,452.33,611854.0
267,10,2,2,1,13,9,8,8,14,6,12,2,2,False,True,5,6,2,False,15,1,True,False,True,True,2,15,True,True,OK,372.52,930.73,352.51,600194.0
268,12,2,3,2,3,8,8,3,2,2,9,3,2,True,True,15,6,2,True,11,2,True,True,True,True,2,6,True,True,STO,386.24,inf,inf,inf
269,13,2,3,2,28,7,4,16,30,7,9,2,2,False,True,12,15,4,False,12,2,True,True,True,False,2,4,False,True,OK,401.72,1756.51,453.24,611180.0
270,3,2,3,3,26,6,2,8,21,2,12,2,2,True,False,3,2,3,True,10,4,True,False,False,False,2,15,True,True,OK,353.72,946.24,361.42,600328.0
271,6,2,2,2,8,7,6,7,10,3,10,2,2,True,False,12,5,2,True,7,2,True,False,False,False,2,9,False,False,OK,372.38,953.03,374.38,610570.0
272,13,2,1,2,28,3,2,7,19,2,8,2,3,True,True,9,3,4,False,14,2,True,True,True,True,2,16,False,False,OK,405.6,1737.24,461.16,611266.0
273,9,2,3,3,3,3,5,14,32,6,10,1,1,False,False,7,11,1,True,13,4,False,False,True,False,2,14,True,False,OK,379.24,909.68,376.67,598024.0
274,1,2,2,2,15,2,4,9,12,7,8,1,2,True,True,1,16,2,False,9,3,True,True,True,True,2,6,False,True,OK,399.89,1700.41,453.93,610874.0
275,10,2,2,2,30,7,3,5,29,4,13,1,3,False,True,1,13,2,True,14,1,True,False,True,True,2,3,True,True,OK,369.34,886.95,342.49,598336.0
276,1,2,2,2,7,3,6,11,3,3,5,1,1,False,False,3,9,1,False,9,3,False,False,False,True,2,7,False,True,OK,388.92,920.65,356.92,643524.0
277,16,2,3,2,3,7,3,15,4,8,3,3,3,True,False,14,5,4,False,15,2,True,True,False,False,2,6,True,True,OK,422.05,1694.01,444.04,616624.0
278,7,2,1,2,11,13,5,6,11,4,11,2,1,True,False,12,15,2,True,13,4,True,False,True,False,2,10,True,False,OK,363.82,883.98,374.42,543102.0
279,9,2,2,2,12,10,5,9,30,5,6,2,3,True,False,11,4,3,True,8,2,False,False,True,True,2,9,False,True,OK,351.0,902.03,350.88,628826.0
280,2,2,3,2,9,3,7,2,30,2,2,2,3,True,True,16,3,3,True,9,3,False,False,False,False,2,9,True,True,OK,369.23,863.68,368.95,603362.0
281,4,2,3,3,20,2,4,11,18,6,4,1,3,True,False,3,12,4,True,12,3,True,True,False,True,2,11,True,True,OK,372.61,1722.79,436.26,611070.0
282,7,2,2,2,22,5,7,11,11,7,8,2,2,True,True,13,11,2,False,8,2,True,True,True,True,2,11,False,True,OK,419.77,1695.73,451.92,611362.0
283,12,2,3,3,22,10,7,16,19,5,13,1,2,False,False,5,11,2,True,13,2,True,False,False,True,2,4,True,True,OK,353.59,931.75,368.06,601054.0
284,7,2,2,1,16,11,7,8,22,5,1,1,1,True,True,8,9,1,False,6,2,True,False,False,True,2,12,False,True,OK,369.18,850.99,367.16,610546.0
285,1,2,2,1,10,11,8,11,14,5,10,3,2,False,True,4,15,4,False,11,3,False,False,False,True,2,5,True,False,OK,378.81,900.54,363.12,617144.0
286,5,2,2,2,4,7,5,12,32,1,12,1,2,False,False,12,7,2,True,15,2,True,False,False,False,2,7,False,True,OK,361.12,929.47,351.96,611654.0
287,9,2,2,3,24,10,3,5,11,4,4,3,2,True,False,4,5,4,True,12,2,True,True,True,False,2,11,False,True,OK,403.09,1755.26,457.25,611416.0
288,5,2,2,2,23,5,3,5,25,7,7,2,2,False,True,12,10,4,True,12,2,True,False,False,False,2,11,True,True,OK,378.72,953.47,367.87,599992.0
289,14,2,1,3,11,3,4,11,10,5,10,3,2,False,False,11,16,2,False,9,2,False,False,False,True,2,10,False,False,OK,375.91,908.76,377.87,641026.0
290,8,2,3,1,9,11,8,15,19,5,10,1,3,False,False,16,14,1,False,13,2,True,True,False,False,2,16,False,True,OK,417.78,1725.8,410.75,612798.0
291,6,2,1,1,32,12,6,8,30,8,4,2,3,True,True,3,3,1,False,9,2,True,False,False,True,2,7,False,True,OK,384.4,873.91,339.28,607560.0
292,3,2,2,1,23,4,6,15,12,3,9,2,1,True,False,6,7,1,False,13,2,True,True,True,True,2,3,False,False,STO,402.79,inf,inf,inf
293,6,2,2,2,16,6,8,16,30,8,2,1,2,True,False,10,11,4,False,16,2,True,True,True,True,2,8,False,True,OK,396.97,1712.91,417.71,610840.0
294,13,2,1,1,16,10,4,12,22,7,2,1,2,False,True,1,14,2,False,12,1,False,False,False,True,2,8,True,True,OK,358.57,970.77,357.28,625180.0
295,3,2,3,1,1,9,7,9,16,1,5,1,1,False,False,9,14,2,True,11,3,True,False,True,True,2,14,True,True,OK,358.84,937.55,342.98,597926.0
296,13,2,3,2,15,5,5,7,15,6,10,3,3,False,True,13,13,2,False,6,2,True,False,True,True,2,8,False,True,OK,355.32,926.68,340.42,607370.0
297,12,2,2,2,14,12,5,4,22,3,4,1,3,False,False,14,14,1,False,15,2,False,False,False,False,2,11,True,False,OK,355.2,905.71,396.96,633974.0
298,10,2,3,2,24,5,4,6,26,7,9,3,2,False,True,5,1,3,False,15,1,True,False,True,True,2,3,True,False,OK,363.49,885.2,342.44,600602.0
299,14,2,3,1,18,2,1,15,19,2,4,1,2,False,True,8,9,2,True,9,4,True,True,True,False,2,6,False,False,OK,381.09,1761.78,413.72,611354.0
300,1,2,3,1,14,1,4,11,9,3,4,2,3,False,False,1,16,2,True,12,2,True,True,True,False,2,4,False,True,OK,404.89,1709.27,456.96,612172.0
301,4,2,3,2,27,4,6,8,8,2,7,1,2,False,False,15,3,4,False,16,2,True,False,False,True,2,1,True,False,OK,361.93,876.25,357.62,602720.0
302,3,2,1,2,28,7,5,15,12,5,8,2,3,True,False,12,7,4,True,15,3,True,False,False,True,2,13,True,False,OK,364.99,894.32,393.71,600708.0
303,9,2,3,2,12,7,5,10,8,8,10,1,1,False,False,16,14,4,False,8,1,True,False,True,False,2,1,False,True,OK,361.5,982.76,381.55,607586.0
304,13,2,3,3,14,5,7,7,13,4,10,3,2,True,False,12,8,3,True,8,2,False,False,False,False,2,7,False,True,OK,361.87,888.65,360.45,619182.0
305,15,2,3,1,30,8,4,12,11,5,9,1,3,False,True,13,13,4,False,13,3,True,True,True,True,2,10,False,False,OK,403.16,1799.04,436.99,611360.0
306,11,2,3,3,10,5,8,15,5,4,1,2,1,True,True,14,16,2,True,8,3,True,True,False,False,2,5,False,False,TIMING,406.84,1692.48,inf,inf
307,6,2,1,1,26,13,8,6,17,8,6,1,3,True,True,14,9,1,False,11,3,True,False,False,False,2,1,False,True,OK,368.14,932.16,383.11,554402.0
308,16,2,2,2,28,10,7,15,27,3,5,1,3,True,False,9,6,2,False,12,1,True,True,True,False,2,11,False,True,OK,395.71,1743.12,454.17,610784.0
309,6,2,3,1,1,10,2,3,15,4,10,2,3,False,True,13,12,2,False,9,4,True,True,False,False,2,9,False,False,TIMING,427.47,1802.82,inf,inf
310,16,2,1,3,29,12,7,8,6,8,2,3,2,False,False,10,11,1,True,8,4,True,False,True,False,2,9,False,False,OK,363.87,946.34,371.1,608970.0
311,10,2,3,2,5,7,5,10,25,4,8,3,3,False,False,12,6,2,False,13,2,True,True,True,True,2,7,False,True,OK,377.68,1785.19,447.56,612182.0
312,12,2,1,3,30,7,3,12,10,4,3,3,3,False,True,9,5,4,False,9,2,True,False,False,True,2,9,True,True,OK,377.42,892.82,367.35,602866.0
313,4,2,2,3,21,8,4,6,28,6,10,2,2,True,True,7,15,1,True,13,3,True,False,False,False,2,1,True,False,OK,393.78,869.42,357.89,601446.0
314,2,2,2,1,32,3,8,7,14,5,10,2,1,True,True,14,3,4,False,11,1,True,True,False,True,2,16,True,True,OK,379.05,1753.09,404.5,611260.0
315,5,2,2,2,25,4,7,12,20,3,9,2,3,False,False,4,6,4,False,10,4,True,False,True,False,2,11,False,True,OK,378.68,878.51,357.24,608132.0
316,3,2,1,3,19,5,2,15,19,4,2,2,2,True,True,12,3,1,False,8,2,True,True,False,True,2,13,True,False,OK,415.56,1763.65,472.94,611666.0
317,1,2,2,3,1,6,1,9,3,5,4,3,2,True,True,5,6,4,True,11,3,True,True,True,False,2,15,False,True,OK,400.17,1679.34,446.74,611740.0
318,2,2,2,2,7,7,8,11,24,2,8,3,1,False,False,10,11,3,False,13,4,False,False,True,True,2,5,True,False,OK,365.84,935.93,362.06,579460.0
319,5,2,2,1,26,2,5,15,22,3,6,3,2,True,False,11,6,3,False,15,2,True,True,False,True,2,12,True,True,STO,410.23,inf,inf,inf
320,13,2,2,2,21,8,5,13,17,3,9,2,2,False,True,12,7,2,False,7,3,True,False,False,False,2,12,False,False,OK,368.14,875.07,396.58,611452.0
321,2,2,3,2,21,10,7,12,9,7,2,3,3,False,False,1,7,4,False,7,1,False,False,True,False,2,12,True,True,OK,371.58,920.21,343.74,577898.0
322,4,2,2,1,25,3,3,2,24,5,7,2,1,True,True,11,3,3,True,9,2,True,False,True,True,2,9,True,False,OK,370.99,934.18,381.68,598980.0
323,5,2,1,2,12,12,4,10,6,2,4,2,2,False,False,6,8,4,True,5,4,False,False,False,False,2,14,False,False,OK,380.52,881.46,377.75,643768.0
324,16,2,2,2,21,4,6,9,21,2,9,1,3,False,False,14,7,2,True,15,4,False,False,False,True,2,7,True,False,OK,377.88,918.03,377.47,635108.0
325,15,2,2,1,26,7,8,5,6,5,1,2,3,True,True,2,15,2,True,11,1,False,False,False,False,2,6,False,True,OK,377.76,873.46,372.77,612764.0
326,15,2,3,1,27,8,5,8,14,8,10,2,1,False,False,12,16,2,False,14,2,True,False,True,False,2,11,False,False,OK,369.97,884.88,382.98,608552.0
327,11,2,2,2,10,4,3,5,23,3,7,2,3,True,True,12,11,3,True,12,4,True,False,False,True,2,7,True,True,OK,380.98,971.17,347.71,601318.0
328,2,2,1,3,16,3,2,12,14,8,10,3,2,True,True,3,11,3,False,9,3,True,True,False,False,2,2,True,False,OK,402.32,1679.72,448.6,614450.0
329,3,2,3,2,3,2,4,14,3,3,12,2,2,False,True,1,4,2,True,12,3,True,False,False,False,2,14,True,False,OK,367.29,937.93,377.23,605150.0
330,10,2,1,2,16,9,5,12,19,3,3,2,2,False,True,3,11,2,False,10,2,False,True,True,True,2,5,True,True,OK,462.63,1701.46,414.49,611080.0
331,14,2,1,2,17,12,1,11,21,6,9,1,2,True,False,7,6,3,False,15,4,True,False,True,True,2,13,False,True,OK,411.3,890.62,352.58,607974.0
332,7,2,3,2,28,13,7,3,16,8,1,3,1,False,True,12,4,2,True,13,3,False,True,True,True,2,7,False,True,STO,462.98,inf,inf,inf
333,1,2,3,3,15,11,6,15,18,7,8,1,1,False,False,7,4,1,True,8,4,True,False,False,False,2,3,True,True,OK,417.84,929.44,363.58,601152.0
334,7,2,3,3,5,10,5,12,27,1,13,1,1,True,False,5,1,1,False,1,3,False,True,True,True,2,9,False,True,OK,463.08,1719.28,417.1,611044.0
335,6,2,1,3,28,11,8,9,26,8,9,2,3,True,False,3,3,3,False,16,2,True,True,True,True,2,9,False,False,OK,468.69,1689.01,473.49,611752.0
336,4,2,2,3,29,1,4,10,31,8,9,2,1,True,False,7,4,4,False,5,1,False,False,True,True,2,3,False,True,OK,410.93,856.21,350.55,631512.0
337,11,2,2,2,14,1,5,5,4,8,1,2,2,False,True,7,13,1,False,13,1,True,True,True,True,2,1,True,False,OK,387.95,1768.22,426.11,612152.0
338,14,2,3,3,21,2,4,13,25,5,3,2,2,True,True,9,13,4,False,11,4,False,False,False,True,2,12,False,False,OK,358.79,934.41,388.62,625014.0
339,10,2,2,3,11,7,4,14,12,4,1,1,3,True,False,3,8,4,False,12,4,False,True,True,False,2,12,True,True,OK,405.41,1727.47,424.68,610270.0
340,1,2,1,3,19,7,4,9,12,7,8,1,1,False,False,2,10,4,True,11,1,False,True,False,False,2,6,False,True,OK,401.79,1700.45,418.7,611920.0
341,2,2,3,3,14,3,8,12,30,4,2,2,3,True,False,15,6,4,True,13,1,False,False,False,True,2,16,True,True,OK,361.8,968.15,345.89,609866.0
342,4,2,1,3,28,7,3,10,20,7,7,2,2,True,False,16,4,4,True,8,3,True,False,False,True,2,2,True,True,OK,345.99,895.11,354.7,600298.0
343,12,2,1,3,1,10,6,13,32,2,1,3,2,False,True,11,10,3,False,15,4,True,True,True,False,2,11,False,False,TIMING,390.17,1691.08,inf,inf
344,13,2,3,2,2,4,1,10,19,4,13,2,2,False,True,3,11,1,True,8,3,True,False,False,True,2,15,False,True,OK,377.28,923.03,341.15,611786.0
345,16,2,1,2,15,8,7,14,15,4,8,1,1,True,True,9,14,1,True,9,3,True,True,True,False,2,7,False,True,OK,422.54,1753.19,452.28,611466.0
346,11,2,2,2,20,5,5,14,8,1,6,3,3,True,False,8,12,3,False,5,1,True,False,True,True,2,16,False,True,OK,374.05,910.04,349.11,608242.0
347,13,2,2,2,16,8,5,6,18,6,10,2,2,False,False,8,7,2,True,7,2,True,False,True,False,2,7,True,False,OK,360.65,949.9,357.63,599050.0
348,11,2,3,1,7,2,6,14,31,5,6,1,3,False,True,16,6,2,True,8,3,True,True,True,True,2,13,False,False,OK,403.18,1765.28,488.81,611556.0
349,14,2,2,2,20,7,4,7,24,5,9,3,2,True,False,8,13,3,False,8,3,False,False,True,False,2,8,True,True,OK,356.71,906.95,346.26,621614.0
350,4,2,2,3,13,1,5,5,9,5,6,2,3,False,True,15,11,1,True,15,4,True,False,True,False,2,15,False,False,OK,356.71,995.33,376.56,607742.0
351,15,2,1,1,23,4,5,9,3,5,11,3,2,True,False,12,3,1,True,6,2,False,True,True,True,2,11,False,False,OK,401.5,1698.66,443.22,610864.0
352,13,2,2,1,12,7,5,12,31,4,11,1,2,False,True,4,13,3,True,8,1,True,False,True,True,2,6,True,False,OK,345.2,958.96,348.47,598604.0
353,16,2,2,2,32,9,5,16,30,7,13,1,1,False,True,13,4,2,True,7,2,True,False,False,True,2,9,False,True,OK,383.75,882.81,342.74,610046.0
354,5,2,1,1,8,12,7,10,14,6,12,3,1,False,True,2,15,3,True,8,1,True,False,False,False,2,10,False,True,OK,356.48,880.02,343.9,610162.0
355,6,2,1,3,14,3,3,14,12,7,12,1,2,True,True,1,7,3,False,13,1,False,True,True,False,2,14,False,False,RTO,337.27,837.05,272.99,inf
356,8,2,2,3,14,8,6,7,27,2,8,2,2,False,False,8,4,2,False,8,3,False,True,True,True,2,14,False,True,OK,406.72,1760.79,451.48,610742.0
357,1,2,1,2,21,3,4,12,22,7,2,1,2,True,False,13,4,4,True,13,3,False,False,True,True,2,5,False,False,OK,364.88,858.35,366.43,631910.0
358,12,2,2,2,16,9,3,6,21,4,3,2,3,False,True,10,13,4,True,9,4,False,False,False,False,2,13,True,True,RTO,347.62,871.11,278.2,inf
359,2,2,2,1,20,7,5,13,10,1,11,1,2,False,True,10,13,1,False,11,1,True,True,False,False,2,14,True,True,OK,396.96,1686.92,437.46,611492.0
360,4,2,3,1,20,7,6,8,29,8,5,3,2,False,True,8,4,4,True,13,2,True,False,False,False,2,2,True,True,OK,348.86,924.27,356.74,599214.0
361,10,2,2,2,15,6,4,9,10,2,8,2,2,False,False,11,5,2,True,9,2,True,False,True,True,2,11,True,True,OK,364.94,973.04,342.33,598162.0
362,3,2,1,3,18,10,8,13,11,8,10,3,1,False,True,10,16,1,False,15,4,True,False,False,True,2,9,False,False,OK,379.83,936.92,362.13,608994.0
363,8,2,2,2,10,3,8,10,20,5,12,3,2,False,False,10,4,4,False,9,2,False,True,True,False,2,7,True,True,OK,371.56,1757.31,431.89,563912.0
364,12,2,1,1,30,6,6,7,29,5,9,2,1,False,True,13,15,1,False,5,1,True,False,False,True,2,10,True,False,OK,365.33,901.68,396.76,602188.0
365,8,2,1,3,2,13,8,10,25,7,6,3,3,True,False,14,8,2,False,15,4,True,False,True,True,2,7,True,False,OK,356.36,891.39,357.6,542924.0
366,5,2,1,3,10,3,5,14,9,4,10,2,3,True,True,7,9,4,True,14,4,True,False,False,True,2,13,False,False,OK,365.15,900.97,369.68,610584.0
367,7,2,2,2,13,5,4,8,23,5,9,2,1,True,True,13,7,2,False,15,2,True,False,True,True,2,11,False,True,OK,352.05,880.88,346.92,608124.0
368,5,2,1,2,8,4,8,16,7,6,9,2,2,False,True,2,14,1,True,4,2,True,True,True,False,2,12,True,True,OK,399.4,1722.66,459.73,611714.0
369,2,2,2,1,32,1,8,9,16,8,10,1,3,True,True,15,3,2,True,12,4,False,False,True,True,2,15,False,False,OK,383.99,965.45,376.41,598702.0
370,16,2,1,1,14,1,5,5,29,4,11,2,2,True,False,2,6,4,True,10,2,True,False,False,True,2,2,False,True,OK,358.72,889.35,357.68,610488.0
371,13,2,3,3,26,10,6,11,8,2,7,2,2,True,True,11,9,4,False,9,2,False,False,False,False,2,4,True,True,OK,359.64,978.02,383.21,613814.0
372,12,2,3,3,25,3,7,5,11,2,13,3,1,False,True,13,10,3,False,6,2,False,False,False,False,2,2,True,True,OK,359.59,937.52,377.02,611904.0
373,7,2,2,2,12,5,3,16,29,4,3,3,1,False,False,2,15,4,False,13,4,True,True,True,False,2,13,True,True,OK,405.3,1672.45,448.1,611102.0
374,7,2,2,2,11,5,6,14,5,5,10,3,2,True,True,9,14,4,False,6,3,True,False,True,True,2,10,True,False,OK,357.94,947.6,357.16,599122.0
375,3,2,3,2,10,3,7,5,22,5,7,3,2,False,False,6,9,2,True,7,1,True,False,True,False,2,16,False,True,OK,378.18,912.82,352.58,607044.0
376,1,2,2,2,17,9,7,10,29,4,12,1,2,False,True,15,11,4,False,15,3,False,False,True,True,2,13,True,True,OK,352.93,921.57,352.03,574570.0
377,12,2,3,3,1,12,6,10,19,5,10,1,1,True,False,7,9,2,False,13,4,False,True,False,True,2,12,False,True,OK,409.02,1753.91,457.12,611660.0
378,1,2,2,2,24,4,4,13,9,8,9,2,3,True,False,5,14,4,True,11,2,False,False,True,True,2,9,True,True,OK,386.1,882.78,337.47,620864.0
379,4,2,2,3,11,10,7,16,27,4,1,1,1,True,True,1,3,4,False,8,3,True,False,True,True,2,13,False,True,OK,393.4,963.76,346.8,610124.0
380,15,2,2,1,20,10,4,8,21,5,5,2,2,False,True,13,2,1,False,15,3,True,False,True,False,2,9,True,False,OK,391.04,941.73,369.85,600416.0
381,10,2,3,2,26,5,5,10,29,8,7,3,2,True,True,9,8,2,False,13,3,False,False,False,False,2,7,True,True,OK,376.22,910.32,368.8,614434.0
382,15,2,1,1,28,10,1,11,25,8,13,1,1,True,True,16,9,1,True,9,4,True,False,False,False,2,2,True,False,OK,384.93,1007.74,372.2,599128.0
383,4,2,2,2,11,9,4,15,14,5,7,3,2,True,True,13,11,3,True,9,4,True,True,False,False,2,7,False,True,OK,405.34,1665.89,501.84,612276.0
384,15,2,3,1,7,10,6,14,17,1,11,3,3,True,True,15,9,2,False,14,1,True,True,True,True,2,9,True,True,OK,423.06,1725.96,451.91,611048.0
385,1,2,1,3,4,6,7,7,5,2,5,3,1,False,True,13,3,1,True,8,4,True,False,True,False,2,2,False,True,OK,377.72,932.72,341.21,607214.0
386,4,2,2,1,20,10,5,7,28,7,1,1,2,True,True,9,4,4,False,4,1,False,False,True,False,2,11,False,False,OK,380.0,936.55,382.27,622808.0
387,15,2,1,1,25,10,1,6,15,3,1,2,2,True,False,3,15,4,False,13,1,True,True,True,False,2,10,False,True,OK,422.18,1715.15,451.9,610960.0
388,8,2,3,2,24,1,8,8,7,6,4,3,1,True,True,12,11,4,True,7,4,False,False,False,False,2,2,True,False,OK,374.21,836.21,361.93,603216.0
389,9,2,1,1,1,1,8,14,3,8,11,1,2,False,False,4,10,4,True,11,1,True,False,False,True,2,16,False,True,OK,366.49,930.79,330.86,607554.0
390,16,2,1,3,26,5,3,9,13,6,10,2,1,True,True,3,3,1,False,8,3,True,False,True,False,2,13,True,False,OK,353.18,937.69,369.1,600284.0
391,7,2,3,3,8,2,7,6,24,6,12,3,3,False,True,16,14,3,True,8,2,True,False,False,True,2,13,True,True,OK,355.9,965.52,351.42,600844.0
392,4,2,2,3,20,7,6,8,29,6,7,1,2,True,False,14,3,1,False,15,4,False,False,False,False,2,8,False,True,OK,352.55,929.66,366.38,632016.0
393,16,2,2,3,29,2,2,8,20,3,1,1,1,False,False,7,4,1,False,8,3,True,True,False,False,2,12,False,False,TIMING,422.53,1651.94,inf,inf
394,8,2,2,3,9,4,5,8,23,5,4,3,2,False,True,11,5,3,False,7,3,True,False,True,False,2,12,False,False,OK,366.38,870.21,389.5,608758.0
395,7,2,2,2,17,4,6,13,22,4,4,3,2,True,False,8,11,4,False,5,4,False,False,True,False,2,7,True,True,OK,372.81,913.39,351.17,621712.0
396,4,2,2,2,17,3,2,14,29,6,3,3,2,False,False,15,4,3,True,11,1,False,False,True,False,2,1,True,True,OK,356.01,903.21,351.8,630508.0
397,10,2,2,3,4,6,6,16,10,2,7,1,1,False,True,14,11,3,True,7,3,True,False,False,False,2,10,True,False,OK,352.5,889.93,390.25,602386.0
398,9,2,2,2,13,8,4,7,13,4,8,2,2,True,True,8,5,2,True,13,2,True,False,False,False,2,4,True,False,OK,350.85,896.76,345.55,600726.0
399,7,2,2,2,17,4,4,10,19,5,4,2,2,False,False,11,5,2,True,13,4,True,True,True,True,2,11,True,True,OK,396.01,1707.46,446.06,610692.0
400,4,2,3,3,14,6,8,11,20,2,13,2,1,True,True,12,10,4,True,10,4,True,False,False,True,2,2,True,False,OK,372.96,875.01,347.41,600352.0
401,9,2,1,1,18,2,6,15,13,7,9,3,3,True,True,6,16,1,False,15,3,True,False,False,False,2,12,False,True,OK,367.28,938.03,356.17,608866.0
402,12,2,2,2,10,7,5,11,15,4,4,2,2,False,True,10,13,2,True,5,2,True,False,True,False,2,9,True,False,OK,368.62,932.13,374.5,598740.0
403,3,2,2,2,22,4,8,7,1,7,4,2,2,False,False,1,10,2,True,9,3,False,False,False,False,2,13,False,False,OK,368.61,917.21,394.54,633654.0
404,11,2,3,2,32,1,1,16,1,6,13,1,3,True,False,16,10,1,False,12,4,True,False,False,False,2,16,True,True,OK,367.12,955.59,361.97,598200.0
405,9,2,3,1,28,2,7,15,5,8,5,2,1,False,True,1,13,4,False,3,3,True,False,False,False,2,8,False,False,OK,378.38,955.39,391.13,610964.0
406,7,2,1,1,23,4,4,7,6,7,6,2,2,True,False,6,11,3,False,5,2,True,False,False,False,2,10,False,True,OK,380.88,929.48,371.92,609304.0
407,5,2,1,1,6,2,7,14,15,5,9,1,1,True,True,12,15,4,False,9,4,False,False,False,True,2,3,False,True,OK,378.68,877.2,352.73,616662.0
408,4,2,1,2,21,11,6,11,16,2,5,1,3,True,True,9,9,3,False,7,4,False,False,True,False,2,9,True,True,OK,381.21,923.23,359.69,612026.0
409,4,2,3,1,14,13,5,14,12,3,7,2,3,True,True,3,9,2,True,14,2,False,False,True,True,2,9,False,False,OK,368.7,877.24,363.35,566282.0
410,13,2,1,2,19,10,4,9,24,4,4,2,2,True,True,1,15,4,True,4,1,True,False,False,False,2,9,False,False,OK,366.8,865.21,366.58,609240.0
411,9,2,3,2,25,8,8,12,23,2,12,2,1,False,False,9,4,1,False,6,4,False,False,True,True,2,9,True,False,OK,381.08,937.26,351.1,576094.0
412,9,2,1,1,17,13,8,10,9,7,1,1,3,True,True,9,16,3,True,8,3,True,False,False,True,2,14,False,False,OK,367.57,934.73,382.55,553152.0
413,10,2,3,1,22,11,3,14,14,2,8,1,1,False,False,3,8,2,True,10,1,True,False,False,True,2,4,True,True,OK,368.32,880.49,352.64,599194.0
414,11,2,2,3,14,1,2,9,18,5,10,3,3,False,True,2,5,4,False,2,4,True,True,True,False,2,15,False,False,OK,398.01,1657.56,451.12,611812.0
415,7,2,1,2,24,10,1,9,18,2,13,3,3,True,True,13,3,1,False,11,1,True,False,True,True,2,16,False,True,OK,381.58,969.66,342.08,608650.0
416,10,2,1,1,11,9,6,12,16,1,6,1,2,True,True,7,4,3,True,7,4,False,False,False,True,2,2,False,False,OK,381.51,920.9,351.92,621894.0
417,3,2,2,1,9,9,4,7,32,2,6,1,3,False,False,9,7,1,True,9,3,False,False,False,True,2,9,True,False,OK,386.28,918.96,360.97,634160.0
418,16,2,2,1,7,11,6,8,2,4,8,2,1,True,True,5,15,1,False,8,2,True,False,True,False,2,9,True,True,OK,372.33,902.5,357.01,599802.0
419,5,2,1,2,3,6,8,15,11,8,5,3,3,True,True,1,7,4,False,6,2,False,False,False,False,2,7,True,False,OK,359.76,914.15,358.24,607872.0
420,8,2,3,3,14,8,7,11,27,3,8,3,3,False,False,14,4,3,True,11,4,True,True,True,False,2,11,True,True,OK,403.95,1705.77,453.45,610508.0
421,12,2,2,3,6,5,7,10,17,7,7,2,2,False,True,14,15,2,True,15,1,True,True,True,False,2,9,True,True,OK,400.48,1705.87,456.86,611258.0
422,15,2,3,1,27,5,4,3,12,7,7,1,1,True,True,3,10,1,False,15,3,False,False,False,True,2,9,False,True,OK,359.76,871.23,361.45,624442.0
423,9,2,2,1,30,5,5,13,17,4,6,1,2,True,False,3,4,4,False,8,3,True,False,True,False,2,10,False,True,OK,390.16,971.38,356.27,607808.0
424,5,2,2,3,19,9,4,16,15,5,11,1,2,True,True,5,15,1,False,11,1,True,True,True,False,2,16,False,True,OK,408.19,1721.94,457.03,611168.0
425,15,2,2,1,15,1,4,10,22,8,5,3,1,False,False,12,8,2,False,13,3,True,False,False,True,2,2,False,True,OK,381.95,884.08,357.21,610972.0
426,12,2,3,2,22,6,2,7,26,5,6,2,2,True,True,9,12,1,True,12,3,True,False,False,False,2,10,True,True,OK,391.11,908.83,351.52,599126.0
427,13,2,1,3,29,1,7,14,21,3,7,2,3,False,False,10,3,2,True,7,2,True,False,True,True,2,10,True,False,OK,358.51,928.81,349.68,598124.0
428,9,2,2,1,26,1,6,10,24,5,11,2,2,True,False,2,10,1,False,11,2,False,False,True,False,2,14,True,False,OK,381.96,894.34,369.57,623062.0
429,16,2,1,1,19,6,7,15,10,6,7,3,2,True,False,16,14,2,False,13,1,False,False,False,True,2,4,True,True,OK,384.16,907.48,362.44,613636.0
430,7,2,2,1,29,4,8,13,17,7,11,1,2,True,False,6,13,2,True,15,3,False,False,True,True,2,1,False,False,OK,357.52,872.52,342.64,603208.0
431,2,2,3,1,30,11,2,15,2,4,4,3,2,False,False,3,3,4,False,15,2,True,False,True,True,2,15,True,True,OK,365.72,878.05,337.45,599334.0
432,2,2,3,2,27,8,4,7,5,6,3,1,1,True,True,13,3,2,False,5,3,True,False,True,False,2,7,False,False,OK,353.73,948.05,371.92,608454.0
433,3,2,3,2,19,9,6,5,30,6,4,1,1,False,True,8,3,1,False,13,4,False,True,False,True,2,5,False,False,STO,418.39,inf,inf,inf
434,4,2,3,2,22,12,6,13,28,6,1,2,2,False,False,14,9,4,True,4,4,True,False,False,True,2,9,True,False,OK,360.31,1072.74,366.26,599328.0
435,16,2,2,3,28,1,4,15,25,4,13,1,3,True,True,14,6,2,False,1,2,False,False,False,True,2,8,False,False,OK,368.35,920.91,376.53,625504.0
436,6,2,2,1,29,3,6,8,13,6,6,2,3,False,True,8,14,4,False,10,4,True,True,True,True,2,13,True,False,OK,397.79,1726.62,498.61,611964.0
437,6,2,1,3,3,4,8,12,9,2,13,1,3,True,False,1,15,1,False,9,4,True,False,False,True,2,4,False,False,OK,348.36,1084.82,362.61,613370.0
438,12,2,3,2,30,3,7,7,16,4,9,1,3,True,False,4,3,3,False,7,1,True,False,False,True,2,9,True,False,OK,372.33,905.35,413.03,603258.0
439,3,2,2,3,11,12,7,11,25,4,9,2,2,False,False,8,14,3,True,3,3,True,False,True,False,2,3,False,True,OK,359.49,1092.01,357.06,607452.0
440,10,2,1,3,9,3,4,10,22,8,6,3,3,True,True,4,10,2,False,6,2,False,False,False,True,2,2,False,True,OK,351.96,1079.67,351.93,624752.0
441,11,2,2,2,10,7,4,9,9,3,8,2,2,True,True,6,6,4,False,9,2,False,False,True,True,2,9,False,False,OK,369.18,1056.37,373.76,622844.0
442,11,2,1,2,4,11,7,5,27,3,4,3,2,False,False,6,8,3,False,3,4,False,False,True,False,2,4,False,True,OK,364.56,1109.09,358.61,590270.0
443,2,2,3,3,21,9,5,7,15,4,4,3,1,False,True,4,13,4,True,7,2,True,False,False,True,2,1,True,True,OK,351.87,907.79,365.47,600956.0
444,12,2,2,2,12,6,3,16,25,3,9,2,3,False,True,13,12,2,True,15,2,True,False,False,True,2,3,True,False,OK,378.56,889.39,351.25,600256.0
445,5,2,2,3,22,5,6,8,20,8,6,1,2,True,False,2,7,3,False,8,4,True,False,False,False,2,5,True,True,OK,348.36,869.91,356.23,600072.0
446,8,2,2,2,15,10,6,6,19,5,6,2,2,True,True,5,7,2,False,12,2,False,False,True,False,2,7,False,True,OK,360.13,891.3,341.35,622896.0
447,13,2,1,2,6,10,4,11,30,5,7,2,1,True,False,3,7,4,False,8,2,True,True,False,True,2,6,True,False,STO,420.12,inf,inf,inf
448,3,2,2,2,16,1,7,8,14,7,8,1,2,True,True,4,2,2,False,9,3,True,False,False,True,2,4,True,True,OK,371.76,1087.99,363.29,602498.0
449,14,2,3,2,9,13,7,14,16,4,7,1,2,True,True,1,10,3,False,1,2,True,False,True,False,2,14,True,True,OK,368.8,883.25,343.33,544406.0
450,3,2,3,3,9,10,3,8,14,5,2,2,1,True,True,2,5,3,True,13,3,True,False,True,True,2,1,True,False,OK,387.34,923.33,331.9,598418.0
451,5,2,2,1,24,9,4,13,20,4,7,1,2,False,True,13,6,1,False,11,4,True,False,True,False,2,16,False,True,OK,358.36,930.11,362.07,608660.0
452,8,2,2,2,25,1,8,12,30,3,5,1,3,False,False,16,12,3,True,15,2,True,False,False,True,2,14,False,False,OK,362.74,943.83,407.28,609342.0
453,10,2,2,2,5,1,7,16,17,4,9,1,3,True,True,15,14,2,True,6,4,True,False,False,True,2,10,True,True,OK,360.58,883.35,343.0,602740.0
454,9,2,2,3,13,6,7,6,24,4,2,1,3,False,False,6,12,4,True,15,4,False,False,True,False,2,5,True,True,OK,371.03,879.86,367.82,575656.0
455,8,2,3,2,21,10,4,12,7,5,2,3,2,True,True,14,12,1,True,5,2,False,False,True,False,2,8,True,False,OK,350.96,923.84,387.36,611602.0
456,13,2,2,1,27,10,4,14,32,5,3,2,1,True,False,15,1,1,False,1,4,False,False,True,True,2,7,True,False,OK,371.94,895.28,363.6,623838.0
457,15,2,1,1,5,1,6,12,1,1,6,1,1,True,True,4,15,4,False,2,1,False,False,True,True,2,16,False,False,OK,382.66,903.19,380.44,621954.0
458,6,2,1,1,4,11,6,14,8,2,3,3,1,True,False,6,6,4,False,14,4,False,True,False,False,2,6,True,True,OK,382.67,1689.12,452.18,614816.0
459,8,2,2,3,26,4,8,14,5,5,5,2,1,True,False,11,7,3,True,4,3,True,False,False,False,2,4,True,True,OK,374.67,878.42,367.59,599946.0
460,10,2,1,1,14,9,7,12,2,3,7,1,1,True,False,14,14,1,True,12,2,False,False,False,True,2,11,True,True,OK,344.93,914.5,347.14,614548.0
461,9,2,3,1,12,2,6,15,10,7,3,1,3,False,True,3,7,2,False,10,4,False,False,True,True,2,3,True,False,OK,376.53,853.25,343.14,624548.0
462,4,2,2,2,14,12,8,14,16,6,6,3,1,True,True,3,9,4,True,9,1,True,False,False,False,2,9,True,True,OK,361.53,875.0,357.05,600710.0
463,11,2,2,1,30,2,4,7,23,2,9,3,1,True,False,7,16,2,True,12,1,True,False,False,True,2,3,True,False,OK,359.02,922.72,382.66,601604.0
